{"08/05/2023": {"14:42": ["#SpiderManAcrossTheSpiderVerse", "Anaheim", "#Mondaymorning", "Goku", "Oppenheimer", "Infowars", "Joe Milton", "#corpsetwtselfieday", "Mythra", "Sean Dyche", "Krypto", "Sean Connery", "The Weeknd", "#RaiseTheAge", "Adderall", "Purge", "Weather Channel", "Red Cross", "Seer", "#Mondaythoughts"], "15:12": ["#SpiderManAcrossTheSpiderVerse", "#TeacherAppreciationWeek", "Anaheim", "Oppenheimer", "Goku", "#corpsetwtselfieday", "Krypto", "#RaiseTheAge", "Seer", "#Mondaymorning", "Joe Milton", "Dark Souls 2", "The Weeknd", "Sean Connery", "Weather Channel", "Pyra", "Juelz", "Ewers", "Bedard", "#Mondayvibes"], "15:42": ["#teachers", "Goku", "#QueenCharlotteNetflix", "Purge", "#Mondaymorning", "Krypto", "Joe Milton", "#BehindYouSkipper", "Texas Tactical Border Force", "#corpsetwtselfieday", "Tombstone", "Sean Connery", "Infowars", "The Weather Channel", "#HaveACokeDay", "SLOOS", "#RaiseTheAge", "The Weeknd", "jack antonoff", "HB 2744"], "16:12": ["Purge", "#corpsetwtselfieday", "Goku", "Robert Moses", "Sean Connery", "Sharpe", "#BehindYouSkipper", "The Weeknd", "Mythra", "Texas House", "#Pistons", "#WritingCommnunity", "Oppenheimer", "Weather Channel", "Tombstone", "#RaiseTheAge", "SLOOS", "luke hemmings", "HB 2744", "Lowering"], "16:42": ["NICKI IS COMING", "#ThankATeacher", "Brett Favre", "Tombstone", "Purge", "#JusticeForGannon", "The Weather Channel", "#PaidLeaveMN", "#WritingCommnunity", "#Sprina", "Oppenheimer", "Goth IHOP", "Sean Connery", "#MothersDay", "The Weeknd", "Mythra", "luke hemmings", "HB 2744", "Sharpe", "Lowering"], "17:12": ["#matura2023", "Mythra", "Dirk", "#BehindYouSkipper", "NICKI IS COMING", "#WritingCommnunity", "The Weather Channel", "SLOOS", "Sean Connery", "Goku", "#NHLdraftlottery", "HB 2744", "The Weeknd", "luke hemmings", "Lowering", "Tombstone", "Goth IHOP", "Brett Favre", "Derek Jeter", "Sharpe"], "17:42": ["Batman", "#Mondayvibes", "Anaheim", "NICKI IS COMING", "Mythra", "The Weather Channel", "Oppenheimer", "$PLTR", "Sean Connery", "Blackhawks", "Tombstone", "Lowering", "Goku", "The Weeknd", "#Sprina", "Dirk", "luke hemmings", "Derek Jeter", "HB 2744", "Dwight McNeil"], "18:12": ["Nazism", "NICKI IS COMING", "Student Loans", "Batman", "Kareem Jackson", "Thursday Night Football", "Texas House", "#BehindYouSkipper", "The Weeknd", "$PLTR", "Dirk", "#cybertruck", "Goku", "Tombstone", "Ethics", "Derek Jeter", "luke hemmings", "HB 2744", "Morel", "Ranch"], "18:42": ["Nazism", "Thursday Night Football", "Student Loans", "NICKI IS COMING", "Lucid", "Aryan", "Blackhawks", "Oppenheimer", "Tim Pool", "Goku", "Tombstone", "The Weeknd", "Dirk", "#cybertruck", "Ethics", "$PYPL", "Derek Jeter", "luke hemmings", "HB 2744", "Morel"], "19:12": ["Nazism", "Goku", "NICKI IS COMING", "Lucid", "Batman", "Blackhawks", "Anaheim", "Student Loans", "Latinos", "Ethics", "luke hemmings", "Tombstone", "HB 2744", "$PYPL", "Dirk", "#DeadlineWH", "Derek Jeter", "Ducks", "Morel", "$PLTR"], "19:42": ["Nazism", "Cocoa Puffs", "NICKI IS COMING", "Mr. Beast", "Rasmussen", "Hasbulla", "Anaheim", "Batman", "Cybertruck", "#PaidLeaveMN", "Dirk", "Lucid", "Ethics", "Femboy Hooters", "luke hemmings", "Tim Pool", "Top Secret", "Tombstone", "Derek Jeter", "PETA"], "20:12": ["Nazism", "Anaheim", "Lucid", "NICKI IS COMING", "Cocoa Puffs", "I AM A SURGEON", "Darkest Dungeon 2", "Batman", "Tim Pool", "Student Loans", "Latinos", "Demon Copperhead", "Hasbulla", "Tombstone", "Blackhawks", "Goku", "Ethics", "Dirk", "luke hemmings", "Red Wings"], "20:42": ["Nazism", "Anaheim", "Cocoa Puffs", "NICKI IS COMING", "Lucid", "Rodney King", "Batman", "#HadMeAvoidingEyeContact", "#QueenCharlotteNetflix", "Blackhawks", "Hasbulla", "Demon Copperhead", "Ethics", "Iowa State", "Dirk", "#TheReidOut", "#Sprina", "Tombstone", "Goku", "PETA"], "21:12": ["NICKI IS COMING", "Mr. Beast", "Ethics", "I AM A SURGEON", "Flyers", "Shinsuke", "Batman", "#HadMeAvoidingEyeContact", "Cybertruck", "Roger", "Grimes", "Iowa State", "Hasbulla", "#TheReidOut", "Anaheim", "Dirk", "Tombstone", "PETA", "Yeen", "Seth"], "21:42": ["Ethics", "Anaheim", "Nestor", "Trick Daddy", "Meg 2", "Femboy Hooters", "Finn", "Hasbulla", "#SJSharks", "#TheVoice", "Gary Bettman", "Oswaldo", "Thibs", "Fantilli", "Flyers", "Red Wings", "Blackhawks", "Goth IHOP", "#STLBlues", "Ducks"], "22:12": ["Ethics", "#YouMakeStrayKidsStay", "Fantilli", "Nestor", "Flyers", "Meg 2", "Adin Hill", "#WestminsterDogShow", "#TheVoice", "Goth IHOP", "Hasbulla", "Thibs", "Dylan Cease", "Tim Pool", "#\uc2a4\ud2b8\ub808\uc774\ud0a4\uc988", "Blue Jackets", "Brossoit", "Brett Favre", "Lindros", "Red Wings"], "22:42": ["#TheVoice", "#YouMakeStrayKidsStay", "#911onFOX", "Madrigal", "JP Sears", "Araiza", "#JeopardyMasters", "Night of Champions", "Meg 2", "Goth IHOP", "#WestminsterDogShow", "Blue Jackets", "Shinsuke", "Brossoit", "Flyers", "Lindros", "Willson", "Glass", "Seth", "Nakamura"], "23:12": ["#TheVoice", "#YouMakeStrayKidsStay", "Anaheim", "Fantilli", "#JeopardyMasters", "#StrangeWaysToShowAffection", "Goth IHOP", "Meg 2", "Kane", "Shinsuke", "Brossoit", "Thibs", "Willson", "Dylan Cease", "#TheLittleMermaid", "Eichel", "Grimes", "Seth", "Ducks", "Glass"], "23:42": ["#TheVoice", "Columbus", "#YouMakeStrayKidsStay", "#911onFOX", "#VegasBorn", "#JeopardyMasters", "Kane", "#AdamKutnerPowerPlay", "Goth IHOP", "Natalya", "Seth", "Gary Payton", "Willson", "Brett Favre", "Ducks", "GPII", "Glass", "Donte", "Dylan Cease", "Anaheim"]}, "09/05/2023": {"00:12": ["#TheVoice", "San Andreas", "Columbus", "Get Poole", "Kyla", "#VegasBorn", "Kane", "#AdamKutnerPowerPlay", "Night of Champions", "Jacksonville", "Goth IHOP", "Meg 2", "#NHLDraft", "Anaheim", "Bettman", "Grimes", "Huggins", "Dylan Cease", "Fantilli", "Ducks"], "00:42": ["#TheVoice", "Meg 2", "Get Poole", "San Andreas", "Grimes", "Huggins", "Columbus", "Rollins", "Goth IHOP", "#NHLDraft", "#VegasBorn", "Fantilli", "Night of Champions", "Kulture", "Brett Favre", "Dylan Cease", "Anaheim", "Eichel", "Ducks", "Seth"], "01:12": ["Goth IHOP", "Seth", "#TheVoice", "Get Poole", "BLOCKED BY JAMES", "San Andreas", "Columbus", "Jake Irvin", "Eichel", "Stan Van Gundy", "Kulture", "#VegasBorn", "Meg 2", "Mitchell Robinson", "Fantilli", "Huggins", "Dylan Cease", "Bettman", "Grimes", "Anaheim"], "01:42": ["#TheVoice", "BLOCKED BY JAMES", "Get Poole", "Warriors in 7", "Up 3-1", "Live by the 3", "LeBron and AD", "Klutch", "#VegasBorn", "Chris Haynes", "STAY READY", "Kim K", "Seth", "#TheLittleMermaid", "Wardell", "Montero", "Stan Van Gundy", "Trish", "Donte", "Dennis"], "02:12": ["Dubs in 7", "Down 3-1", "Thibs", "#VegasBorn", "Moody", "Corgi", "Stan Van Gundy", "Wardell", "Kim K", "Trish", "Montero", "#TheLittleMermaid", "Klutch", "STAY READY", "Gary Payton", "Chris Haynes", "Durk", "Logan Gilbert", "Halle", "Kuminga"], "14:56": ["#\u0646\u06a9\u0644\u0648_\u062e\u0627\u0646_\u06a9\u06cc_\u0632\u0646\u062f\u06af\u06cc_\u0628\u0686\u0627\u0624", "Season 17", "#DebtCeiling", "Use VPN", "#TuesdayThoughts", "#GokuDay", "Kodak", "UofL", "#tuesdaymotivations", "The Good Doctor", "Final Cut Pro", "#kswx", "Glenn", "Blueface", "#FreeThePill", "Denji", "Pakistan", "Greenberg", "Ballistic", "#BehindYouSkipper"], "14:57": ["#\u0646\u06a9\u0644\u0648_\u062e\u0627\u0646_\u06a9\u06cc_\u0632\u0646\u062f\u06af\u06cc_\u0628\u0686\u0627\u0624", "Chrisean", "Use VPN", "Final Cut Pro", "#DebtCeiling", "#TuesdayThoughts", "The Little Mermaid", "#GokuDay", "#kswx", "Hozier", "Fort Hood", "#FreeThePill", "Season 17", "UofL", "#SAFEMOON", "Denji", "The Good Doctor", "Kodak", "Ballistic", "Blueface"], "15:27": ["Use VPN", "#GokuDay", "Molotov", "WhatsApp", "Season 17", "#Data23", "#FreeThePill", "The Good Doctor", "Final Cut Pro", "#DebtCeiling", "Pakistan", "Nick Cannon", "Fort Hood", "#kswx", "Pluto", "Blueface", "Glenn", "UofL", "Kodak", "Ballistic"], "15:57": ["#\u0646\u06a9\u0644\u0648_\u062e\u0627\u0646_\u06a9\u06cc_\u0632\u0646\u062f\u06af\u06cc_\u0628\u0686\u0627\u0624", "Pluto", "WhatsApp", "Glenn", "Use VPN", "Molotov", "Final Cut Pro", "Robert De Niro", "#GokuDay", "The Good Doctor", "Pakistan", "#tuesdaymotivations", "#MIvRCB", "#FreeThePill", "Kodak", "#kswx", "Landy", "Ballistic", "The GOAT", "John Brown"], "16:27": ["WhatsApp", "Pluto", "Pakistan", "Molotov", "Blueface", "President Donald Trump", "The Good Doctor", "Sexual Assault", "$5 Million", "Alessandra", "Appeal", "D White", "#ImranKhan", "The GOAT", "Courtois", "Glenn", "Fort Hood", "Civil", "John Brown", "Tory"], "16:57": ["#trumpisguilty", "Croatia", "Ederson", "The Good Doctor", "Pakistan", "Max Scherzer", "#tuesdayvibe", "Tory", "Morgan Wallen", "Liz Cheney", "Donald J. Trump", "Carvajal", "DPOY", "The GOAT", "Convicted", "Courtois", "Molotov", "Kroos", "Caruso", "Stormy"], "17:27": ["The GOAT", "Molotov", "Croatia", "Civil", "Access Hollywood", "The Good Doctor", "Courtois", "Appeal", "Carvajal", "MTV News", "#ChampionsLeague", "Tory", "Robert De Niro", "Jaden McDaniels", "Bernardo", "#NationalFentanylAwarenessDay", "Herb Jones", "Cessa", "Caruso", "Claxton"], "17:57": ["Stormy", "Pakistan", "The Good Doctor", "The GOAT", "Croatia", "Access Hollywood", "Marla", "MTV News", "Tory", "Modric", "#ChampionsLeague", "Carvajal", "Claxton", "#PaulDiaz", "Herb Jones", "Appeal", "Bernardo", "Denny Crum", "Jaden McDaniels", "Caruso"], "18:27": ["The GOAT", "Croatia", "Sexual Predator", "Carvajal", "#TXT_ASM_TOUR_BELMONTPARK", "Modric", "The Good Doctor", "Jaden McDaniels", "Game Freak", "Access Hollywood", "Bernardo", "MTV News", "Appeal", "Herb Jones", "#ChampionsLeague", "#NationalFentanylAwarenessDay", "Caruso", "Rodri", "Claxton", "Denny Crum"], "18:57": ["The GOAT", "Witch Hunt", "Croatia", "Bernardo", "vmin", "The Good Doctor", "Jaden McDaniels", "Claxton", "Game Freak", "Marla", "MTV News", "Access Hollywood", "#TXT_ASM_TOUR_BELMONTPARK", "Tory", "Robert De Niro", "#StupidQuestionsAboutDairy", "Carvajal", "Appeal", "Civil", "Caruso"], "19:27": ["Tucker and Elon", "The GOAT", "The Good Doctor", "Croatia", "Stormy", "Game Freak", "Access Hollywood", "Bernabeu", "MTV News", "Robert De Niro", "Civil", "#TXT_ASM_TOUR_BELMONTPARK", "Jaden McDaniels", "Modric", "Bernardo", "Claxton", "Beetlejuice 2", "Denny Crum", "George Santos", "Appeal"], "19:57": ["#MeToo", "Croatia", "Tucker and Elon", "5th Avenue", "Game Freak", "The GOAT", "Convicted", "The Good Doctor", "Access Hollywood", "MTV News", "Robert De Niro", "$5 Million", "Bernardo", "Modric", "Jaden McDaniels", "Appeal", "Beetlejuice 2", "Caruso", "Bill Clinton", "Claxton"], "20:27": ["The GOAT", "Manchester", "Croatia", "Tucker and Elon", "vmin", "Etihad", "#kswx", "$5 Million", "The Good Doctor", "Alaba", "MTV News", "Nate Diaz", "Malta", "Melania", "Game Freak", "Bill Clinton", "Marla", "Tory Lanez", "Stormy", "Appeal"], "20:57": ["The GOAT", "Alaba", "Croatia", "Melania", "Tucker and Elon", "vmin", "#kswx", "The Good Doctor", "Manchester", "Nate Diaz", "MTV News", "Jaden McDaniels", "Access Hollywood", "#Chuggamon", "Etihad", "#FreeSpeech", "Marla", "Appeal", "John Brown", "$5 Million"], "21:27": ["#MeToo", "Manchester", "#PHIvsBOS", "Kimberly Guilfoyle", "Buck Showalter", "Francisco Alvarez", "#kswx", "Derrick White", "The GOAT", "The Good Doctor", "#USOC2023", "Vitek", "#Chuggamon", "Melania", "David Peterson", "#FreeSpeech", "Etihad", "Access Hollywood", "Appeal", "$5 Million"], "21:57": ["#MeToo", "Imagine Dragons", "Canha", "Kimberly Guilfoyle", "Ridiculousness", "Romney", "The Good Doctor", "Planet Her", "Henry Davis", "The GOAT", "#TuckerOnTwitter", "#SupermanAndLois", "#smiletwtselfieday", "#QSMPGlobal", "Vitek", "#USOC2023", "Tropicana", "Access Hollywood", "#FreeSpeech", "Pritchard"], "22:27": ["#BoycottCNN", "The GOAT", "Mauricio", "Reggie Miller", "#cowx", "Imagine Dragons", "#MomWasRightAbout", "Planet Her", "Tropicana", "#SupermanAndLois", "Vitek", "Ridiculousness", "Pritchard", "#WestminsterDogShow", "Marla", "Flaherty", "Guillorme", "Mazzulla", "Cano", "Vientos"], "22:57": ["Imagine Dragons", "Romney", "Sixers in 6", "TD Garden", "Planet Her", "Brad Stevens", "#MomWasRightAbout", "The GOAT", "#cowx", "#SullivansTravels", "Pritchard", "#SupermanAndLois", "#USOC2023", "Vitek", "Morel", "Beetlejuice 2", "Vientos", "Cano", "Flaherty", "Lindy"], "23:27": ["The GOAT", "Assad", "Pauly D", "Damn Boston", "Paul DeJong", "Planet Her", "TD Garden", "MTV News", "Soulja", "Brad Stevens", "#USOC2023", "#cowx", "Vitek", "Flaherty", "Game 5", "#AllForCITY", "Canha", "Philly in 6", "Morel", "#StrosTuesday"], "23:57": ["The GOAT", "Romney", "Reggie Miller", "Rob Williams", "#FBIMostWanted", "Pauly D", "Planet Her", "Assad", "Brad Stevens", "TD Garden", "#911LoneStar", "Vitek", "#USOC2023", "Morel", "#MNUFC", "#LetsGoCanes", "David Ross", "#AllForCITY", "Vientos", "Lindsey"]}, "10/05/2023": {"00:27": ["lorde", "Romney", "Buddy Holly", "Tony Buckets", "Tom Murphy", "Pauly D", "#ForTheLoveOfPhilly", "Brad Stevens", "#FBIMostWanted", "TD Garden", "Assad", "#TuckerCarlson", "Braun", "#USOC2023", "Sean Payton", "#LetsGoCanes", "#MNUFC", "David Ross", "Lindsey", "#Nuggets"], "00:57": ["lorde", "Romney", "Terrence Ross", "#Nuggets", "MTV News", "Tony Buckets", "Game 6", "Assad", "Brad Stevens", "Robo", "TD Garden", "#LetsGoCanes", "David Ross", "Buddy Holly", "#ForTheLoveOfPhilly", "#MNUFC", "Morel", "TJ Warren", "Canha", "#USOpenCup"], "01:27": ["lorde", "Robo", "Romney", "KD and Book", "#FBIMostWanted", "TD Garden", "Tony Buckets", "#TuckerCarlson", "Assad", "Okogie", "#911LoneStar", "#CWGothamKnights", "#MNUFC", "Buddy Holly", "David Ross", "Game 6", "Vindman", "Pritchard", "Monty Williams", "corey"], "01:57": ["TD Garden", "#TXT_ASM_TOUR_in_NY", "KD and Book", "Assad", "Book and KD", "#ForTheLoveOfPhilly", "corey", "Tony Buckets", "#USOC2023", "#cowx", "Hintz", "Buddy Holly", "Kodansha", "#MNUFC", "Vindman", "Soler", "Michael Porter Jr.", "Okogie", "George Kirby", "Deandre Ayton"], "02:27": ["lorde", "#TXT_ASM_TOUR_in_NY", "Jenna Ortega", "Denver", "KD and Book", "#TuckerCarlson", "Book and KD", "Game 6", "Soulja", "TD Garden", "Assad", "#cowx", "Buddy Holly", "Robo", "#USOC2023", "Deandre Ayton", "corey", "#ForTheLoveOfPhilly", "#DallasStars", "Domi"], "15:04": ["Giorno", "#CSKvsDC", "Harrison Bader", "Starfire", "#wednesdaythought", "Bruce Lee", "#UFC290", "Victoria Monet", "Jarritos", "LLCs", "#WednesdayMotivation", "London", "#NationalGolfDay", "corey", "Gene Wilder", "Milady", "Steve Nash", "Christmas Day", "Smite", "#GoodOmens"], "15:34": ["Starfire", "Giorno", "#wednesdaythought", "Bruce Lee", "Victoria Monet", "Harrison Bader", "#UFC290", "#\u30e1\u30a4\u30c9\u306e\u65e5", "Jarritos", "#maidday", "#BoycottCNN", "Gene Wilder", "Christmas Day", "Milady", "#GoodOmens", "Rich Hill", "London", "#NationalGolfDay", "Helmut Lang", "Smite"], "16:04": ["Feinstein", "#wednesdaythought", "$GOOGL", "Giorno", "Harrison Bader", "#\u30e1\u30a4\u30c9\u306e\u65e52023", "Freddie Freeman", "Guam", "#WednesdayMotivation", "Portia", "London", "Gene Wilder", "Starfire", "#NationalGolfDay", "#BoycottCNN", "Janelle Monae", "Rich Hill", "Milady", "Victoria Monet", "Taggert"], "16:34": ["Giorno", "Impeach", "$GOOGL", "Charles Manson", "#SantosArrested", "#PakistanUnderSiege", "Starfire", "#WednesdayMotivation", "Portia", "#BoycottCNN", "CUFF IT", "Harrison Bader", "London", "Janelle Monae", "Rich Hill", "#maidday", "Milady", "Gene Wilder", "Deivi Garcia", "Taggert"], "17:04": ["#SantosArrested", "Church Girl", "Charles Manson", "Clayton Kershaw", "Strom Thurmond", "Christmas Vacation", "Portia", "#maidday", "Starfire", "Janelle Monae", "Black Parade", "Tomori", "Guam", "Giorno", "Miguel Vargas", "Gene Wilder", "Milady", "BOTW", "Colin Cowherd", "Stompees"], "17:34": ["Church Girl", "Messias", "McCarthy", "Naughty Girl", "Mortal Kombat", "Strom Thurmond", "Giorno", "#SantosArrested", "Charles Manson", "Christmas Vacation", "Portia", "#BoycottCNN", "Virgo's Groove", "Clayton Kershaw", "#maidday", "Heated", "Milady", "Gene Wilder", "Starfire", "Janelle Monae"], "18:04": ["Naughty Girl", "#BoycottCNN", "AMERICA HAS A PROBLEM", "Giorno", "#SantosArrested", "Starfire", "#PhillyTSTheErasTour", "Strom Thurmond", "Mortal Kombat", "#\u30e1\u30a4\u30c9\u306e\u65e52023", "Zacian", "Virgo's Groove", "Clayton Kershaw", "Portia", "Dangerously in Love", "#maidday", "Milady", "Gene Wilder", "#TankTheRatings", "Honey Balenciaga"], "18:34": ["Naughty Girl", "McCarthy", "#PhillyTSTheErasTour", "Mortal Kombat", "Christmas Vacation", "Strom Thurmond", "Hulu and Disney", "Virgo's Groove", "#\u30e1\u30a4\u30c9\u306e\u65e52023", "#SantosArrested", "#BoycottCNN", "Ben Affleck", "Portia", "#cowx", "Starfire", "Janelle Monae", "Milady", "Shingles", "BOTW", "Channel 9"], "19:04": ["Naughty Girl", "Ohioans", "#PhillyTSTheErasTour", "Hulu and Disney", "Retire", "Church Girl", "Strom Thurmond", "#SantosArrested", "adblock", "#BoycottCNN", "#cowx", "Virgo's Groove", "Bob Iger", "#maidday", "Starfire", "Ben Affleck", "Black Parade", "Janelle Monae", "Gene Wilder", "Shingles"], "19:34": ["Hulu", "Church Girl", "Retire", "#PhillyTSTheErasTour", "adblock", "Strom Thurmond", "#cowx", "Virgo's Groove", "#SantosArrested", "#maidday", "Christmas Vacation", "Giorno", "Ohioans", "Ben Affleck", "Black Parade", "Georgie", "Janelle Monae", "Bernies", "$DIS", "Shingles"], "20:04": ["Hulu", "Church Girl", "Giorno", "Ohioans", "#cowx", "#SantosArrested", "#SUGA_AgustD_TOUR_in_LA", "#maidday", "Strom Thurmond", "#PhillyTSTheErasTour", "Retire", "Virgo's Groove", "Mancuso", "Dry Eye Syndrome", "#\u30e1\u30a4\u30c9\u306e\u65e52023", "Ben Affleck", "Georgie", "Jaime Foxx", "Janelle Monae", "Stroke"], "20:34": ["Church Girl", "Hulu", "Ohioans", "Giorno", "#SUGA_AgustD_TOUR_in_LA", "Strom Thurmond", "#maidday", "#PhillyTSTheErasTour", "Mancuso", "#SantosArrested", "Dry Eye Syndrome", "#CNNTownhall", "Jaime Foxx", "#cowx", "Retire", "Janelle Monae", "Dame", "Gene Wilder", "Ben Affleck", "DiFi"], "21:04": ["RIP Bernie", "Hulu", "#CNNTownhall", "#cowx", "#maidday", "Claudio", "Jared", "Trea Turner", "#PhillyTSTheErasTour", "Strom Thurmond", "Flagrant 1", "Janelle Monae", "#SantosArrested", "Guam", "Dame", "Hunter Greene", "Bo Bichette", "JD Vance", "Bob Iger", "Ron Johnson"], "21:34": ["#PhillyTSTheErasTour", "#cowx", "Jeff Jarrett", "Guam", "JD Vance", "Gudas", "Thunder Rosa", "Flagrant 1", "Lance Lynn", "#TheThinMan", "#loveyoujaden", "Bello", "#MAFS", "Tika", "Dylan Lee", "Feinstein", "Hunter Greene", "Dame", "Bishop Briggs", "Lauri"], "22:05": ["Shingles", "Claudio", "Jalen Brunson", "Christian Cage", "#MAFS", "Justin Verlander", "Yan Gomes", "#loveyoujaden", "Mr. President", "Guam", "Luka", "Bello", "Dame", "Lance Lynn", "Collision", "Chris Licht", "Bobrovsky", "Feinstein", "Daily Caller", "Term"], "22:35": ["Thanks CNN", "Verlander", "Nasty Woman", "Kyle Fletcher", "Mr. President", "Bello", "House of Black", "Julia Hart", "Lance Lynn", "New Hampshire", "Shingles", "All NBA", "Ratings", "Chris Licht", "Daily Caller", "Minter", "Cano", "Mark Briscoe", "Gudas", "Tribel"], "23:05": ["Mr. President", "The Knicks", "Claudio", "#DoneWithCNN", "Daily Caller", "Chris Martin", "House of Black", "#ChicagoFire", "Mitch", "Verlander", "Moxley", "#MAFS", "Lance Lynn", "Drill Baby Drill", "Bello", "Shingles", "Christian Cage", "Grimes", "Miro", "Tony Khan"], "23:35": ["#MAFS", "Ratings", "Luka", "House of Black", "Game 6", "Moxley", "Claudio", "Thibs", "#ChicagoPD", "Marner", "#TheMaskedSinger", "Lance Lynn", "Lowry", "Christian Cage", "#Survivor", "Miro", "Duncan Robinson", "Tribel", "Josh Hart", "Shai"]}, "11/05/2023": {"00:05": ["#DoneWithCNN", "#AgustD_SUGA_Tour_in_LA", "Moxley", "#ChicagoPD", "Chris Haynes", "Mitch", "Lance Lynn", "Ratings", "New Hampshire", "Heat in 6", "#MAFS", "#Survivor44", "House of Black", "Luka", "Julia Hart", "Lowry", "#TheMaskedSinger", "#DeleteCoinbase", "Kenley", "Josh Hart"], "00:35": ["#ChicagoPD", "#DoneWithCNN", "KIM NAMJOON", "Julia Hart", "Chris Haynes", "Jackie Zeman", "Rick Wilson", "Tribel", "Heat in 6", "#MAFS", "Mitch", "#AgustD_SUGA_Tour_in_LA", "Ratings", "Luka", "Lowry", "#TheMaskedSinger", "All NBA", "Kenley", "#BROS", "Josh Hart"], "01:05": ["RIP Jackie", "Dave Chappelle", "Babyface", "KIM NAMJOON", "Mr. President", "#Survivor44", "#ChicagoPD", "Chris Haynes", "Game 6", "#AdamKutnerPowerPlay", "#DoneWithCNN", "Ratings", "Mitch", "Down 11", "#DeleteCoinbase", "#MAFS", "Heat in 6", "Steve Kerr", "Tribel", "Lowry"], "01:35": ["#BoycottCNN", "Bron and AD", "Damn AD", "Babyface", "Hope AD", "AD and Bron", "Hopefully AD", "Now AD", "Street Clothes", "Dave Chappelle", "#MAFS", "#DoneWithCNN", "#ChicagoPD", "#LakersVsWarriors", "Daily Caller", "Steve Kerr", "Corgi", "Paul Pierce", "Ratings", "Bro AD"], "02:05": ["Dave Chappelle", "Now AD", "#BoycottCNN", "400 Degreez", "Shaq and Chuck", "#GoldBlooded", "Bro AD", "Babyface", "Hope AD", "Hopefully AD", "Bron and AD", "#Survivor44", "#ChicagoPD", "#AdamKutnerPowerPlay", "Paul Pierce", "Ratings", "Corgi", "Chris Haynes", "Steve Kerr", "Concussion"], "02:35": ["Dave Chappelle", "Babyface", "#BoycottCNN", "#Wordle691", "Bro AD", "Chuck and Shaq", "#ChicagoPD", "Darnell Nurse", "Chris Haynes", "Hope AD", "400 Degreez", "Hopefully AD", "#DoneWithCNN", "#LakersVsWarriors", "Chase Center", "Elbow", "Corgi", "Steve Kerr", "Paul Pierce", "Concussion"], "09:23": ["#Pakistan", "Katie", "#C9WIN", "Joran van der Sloot", "Thirsty Thursday", "New Hampshire", "Daily Caller", "#DCTitans", "Mortal Kombat 1", "Tears of the Kingdom", "Game 6", "Chiefs", "Natalee Holloway", "Storm Shadow", "#ThursdayThoughts", "Anita", "Ted Turner", "#thursdaymorning", "Lincoln Project", "Rick Wilson"], "09:53": ["#\u0639\u0645\u0631\u0627\u0646_\u062e\u0627\u0646_\u06a9\u0648_\u0631\u06c1\u0627_\u06a9\u0631\u0648", "Katie", "#Pakistan", "#C9WIN", "#ThursdayThoughts", "Mortal Kombat 1", "hanbin", "Joran van der Sloot", "Trump and CNN", "Lambeau", "Storm Shadow", "Cyberpunk", "game 6", "Thirsty Thursday", "Morning Joe", "#DCTitans", "Pickles", "400 Degreez", "#thursdaymorning", "Daily Caller"], "10:23": ["#\u0639\u0645\u0631\u0627\u0646_\u062e\u0627\u0646_\u06a9\u0648_\u0631\u06c1\u0627_\u06a9\u0631\u0648", "Ya Allah", "House of Representatives", "Babyface", "Game of the Year", "GOTY", "#C9WIN", "Thirsty Thursday", "Bongino", "New Hampshire", "Pickles", "Katie", "Flyers", "#DCTitans", "Game 6", "#ThursdayThoughts", "ted turner", "#MSI2023", "Daily Caller", "Morning Joe"], "10:53": ["ISPR", "Babyface", "#BABYMONSTER", "#MSI2023", "#BehindeYouskipper", "Shireen Abu Akleh", "Stephen King", "#ThursdayThoughts", "Anita", "#DCTitans", "Jared Goff", "#NFLSchedule2023", "Mortal Kombat 1", "400 Degreez", "Game 6", "Morning Joe", "Pickles", "Dimon", "#C9WIN", "Game Informer"], "11:23": ["Stephen King", "#SupremeCourtOfPakistan", "Game of the Year", "#C9WIN", "Trump's CNN", "#ThursdayThoughts", "Babyface", "ROG Ally", "Shireen Abu Akleh", "Lions", "New Hampshire", "Queens of the Stone Age", "Thirsty Thursday", "Mugler", "Game Informer", "Jordan Love", "Dimon", "Pickles", "Morning Joe", "Anita"]}}