{
    "#911LoneStar": "Ta",
    "#911onFOX": "Buck",
    "#AdamKutnerPowerPlay": "Adam",
    "#AgustD_SUGA_Tour_in_LA": "A",
    "#AllForCITY": "Matt",
    "#BABYMONSTER": "Sarah",
    "#BROS": "Mario",
    "#BehindYouSkipper": "I",
    "#BehindeYouskipper": "I",
    "#BoycottCNN": "Cooper",
    "#C9WIN": "Don",
    "#CNNTownhall": "Trump",
    "#CSKvsDC": "Z",
    "#CWGothamKnights": "Harvey",
    "#ChampionsLeague": "P",
    "#ChicagoFire": "Brett",
    "#ChicagoPD": "Trump",
    "#Chuggamon": "Chu",
    "#DCTitans": "Conner",
    "#DallasStars": "R",
    "#Data23": "Me",
    "#DeadlineWH": "Trump",
    "#DebtCeiling": "Trump",
    "#DeleteCoinbase": "Paul",
    "#DoneWithCNN": "Trump",
    "#FBIMostWanted": "Than",
    "#ForTheLoveOfPhilly": "James",
    "#FreeSpeech": "Pink",
    "#FreeThePill": "Rep",
    "#GokuDay": "Richie",
    "#GoldBlooded": "K",
    "#GoodOmens": "Crowley",
    "#HadMeAvoidingEyeContact": "Jenny",
    "#HaveACokeDay": "P",
    "#ImranKhan": "I",
    "#JeopardyMasters": "Un",
    "#JusticeForGannon": "G",
    "#LakersVsWarriors": "Donald",
    "#LetsGoCanes": "Can",
    "#MAFS": "Nicole",
    "#MIvRCB": "Chris",
    "#MNUFC": "Rey",
    "#MSI2023": "G",
    "#MeToo": "Sam",
    "#MomWasRightAbout": "Mom",
    "#Mondaymorning": "Ronald",
    "#Mondaythoughts": "James",
    "#MothersDay": "Stacy",
    "#NHLDraft": "Connor",
    "#NHLdraftlottery": "Ko",
    "#NationalFentanylAwarenessDay": "Toni",
    "#NationalGolfDay": "Josh",
    "#Nuggets": "Keith",
    "#PHIvsBOS": "Ta",
    "#PaidLeaveMN": "Rob",
    "#Pakistan": "I",
    "#PakistanUnderSiege": "I",
    "#PaulDiaz": "Paul",
    "#PhillyTSTheErasTour": "Taylor",
    "#Pistons": "We",
    "#QSMPGlobal": "C",
    "#QueenCharlotteNetflix": "George",
    "#RaiseTheAge": "V",
    "#SJSharks": "Carl",
    "#STLBlues": "Josh",
    "#SUGA_AgustD_TOUR_in_LA": "Yo",
    "#SantosArrested": "Santos",
    "#SpiderManAcrossTheSpiderVerse": "Her",
    "#Sprina": "Tri",
    "#StrangeWaysToShowAffection": "Trump",
    "#StrosTuesday": "St",
    "#StupidQuestionsAboutDairy": "Adrian",
    "#SullivansTravels": "Preston",
    "#SupermanAndLois": "Superman",
    "#SupremeCourtOfPakistan": "Mary",
    "#Survivor": "Carolyn",
    "#Survivor44": "Carolyn",
    "#TXT_ASM_TOUR_BELMONTPARK": "Ta",
    "#TXT_ASM_TOUR_in_NY": "Be",
    "#TankTheRatings": "Li",
    "#TeacherAppreciationWeek": "Mary",
    "#ThankATeacher": "Monroe",
    "#TheLittleMermaid": "A",
    "#TheMaskedSinger": "Nicole",
    "#TheReidOut": "Michael",
    "#TheThinMan": "Chris",
    "#TheVoice": "Danielle",
    "#ThursdayThoughts": "Ka",
    "#TuckerCarlson": "Tucker",
    "#TuckerOnTwitter": "Tucker",
    "#TuesdayThoughts": "Mohammed",
    "#UFC290": "Rodriguez",
    "#USOC2023": "Phil",
    "#USOpenCup": "Sc",
    "#VegasBorn": "Georges",
    "#WednesdayMotivation": "Ji",
    "#WestminsterDogShow": "Buddy",
    "#Wordle691": "Word",
    "#WritingCommnunity": "Abigail",
    "#YouMakeStrayKidsStay": "Man",
    "#corpsetwtselfieday": "Sick",
    "#cowx": "I",
    "#cybertruck": "Sawyer",
    "#kswx": "Blake",
    "#loveyoujaden": "Jade",
    "#matura2023": "I",
    "#teachers": "Yi",
    "#thursdaymorning": "Ram",
    "#trumpisguilty": "Trump",
    "#tuesdaymotivations": "Ji",
    "#tuesdayvibe": "God",
    "#wednesdaythought": "As",
    "$5 Million": "Just",
    "$DIS": "Janice",
    "$PLTR": "James",
    "400 Degreez": "Carter",
    "5th Avenue": "Trump",
    "AD and Bron": "B",
    "AMERICA HAS A PROBLEM": "Scott",
    "Access Hollywood": "Trump",
    "Adderall": "Ad",
    "Adin Hill": "Hill",
    "Alaba": "Al",
    "Alessandra": "Al",
    "All NBA": "Foster",
    "Anaheim": "Jesse",
    "Anita": "Anita",
    "Appeal": "Co",
    "Araiza": "Matt",
    "Aryan": "W",
    "Assad": "As",
    "BLOCKED BY JAMES": "Archer",
    "BOTW": "Pi",
    "Babyface": "Anita",
    "Ballistic": "Obama",
    "Batman": "Diane",
    "Bedard": "Bed",
    "Beetlejuice 2": "Jenna",
    "Bello": "Chi",
    "Ben Affleck": "Ben",
    "Bernabeu": "Bern",
    "Bernardo": "Bernardo",
    "Bernies": "Strange",
    "Bettman": "Bet",
    "Bill Clinton": "Bill",
    "Bishop Briggs": "Bishop",
    "Black Parade": "Helena",
    "Blackhawks": "Kyle",
    "Blue Jackets": "J",
    "Blueface": "Blue",
    "Bo Bichette": "Bo",
    "Bob Iger": "Bob",
    "Bobrovsky": "Bob",
    "Bongino": "Bon",
    "Book and KD": "Book",
    "Brad Stevens": "Brad",
    "Braun": "Adolf",
    "Brett Favre": "Brett",
    "Bro AD": "O",
    "Bron and AD": "B",
    "Brossoit": "Bros",
    "Bruce Lee": "Bruce",
    "Buck Showalter": "Show",
    "Buddy Holly": "Buddy",
    "CUFF IT": "B",
    "Canha": "Can",
    "Cano": "Can",
    "Caruso": "Mark",
    "Carvajal": "Car",
    "Cessa": "Ce",
    "Charles Manson": "Charles",
    "Chase Center": "Stephen",
    "Chiefs": "A",
    "Chris Haynes": "Chris",
    "Chris Licht": "Chris",
    "Chris Martin": "Chris",
    "Chrisean": "Chris",
    "Christian Cage": "Christian",
    "Christmas Day": "She",
    "Christmas Vacation": "Clark",
    "Chuck and Shaq": "Chuck",
    "Church Girl": "She",
    "Civil": "H",
    "Claudio": "Khan",
    "Claxton": "C",
    "Clayton Kershaw": "Clayton",
    "Cocoa Puffs": "Co",
    "Colin Cowherd": "Colin",
    "Collision": "Punk",
    "Columbus": "Christopher",
    "Concussion": "I",
    "Convicted": "Trump",
    "Corgi": "Co",
    "Courtois": "Court",
    "Croatia": "Noah",
    "Cyberpunk": "Z",
    "Cybertruck": "V",
    "D White": "So",
    "DPOY": "G",
    "Daily Caller": "B",
    "Dame": "A",
    "Damn AD": "Trump",
    "Damn Boston": "K",
    "Dangerously in Love": "Crazy",
    "Dark Souls 2": "Sky",
    "Darkest Dungeon 2": "Bowie",
    "Darnell Nurse": "Dar",
    "Dave Chappelle": "Dave",
    "David Peterson": "Peterson",
    "David Ross": "Mario",
    "Deandre Ayton": "A",
    "Deivi Garcia": "De",
    "Demon Copperhead": "Barbara",
    "Denji": "Joseph",
    "Dennis": "Mark",
    "Denny Crum": "Denny",
    "Denver": "Denver",
    "Derek Jeter": "Derek",
    "Derrick White": "Derrick",
    "DiFi": "Sin",
    "Dimon": "Di",
    "Dirk": "Nate",
    "Domi": "S",
    "Donald J. Trump": "Trump",
    "Donte": "Don",
    "Down 11": "Jax",
    "Down 3-1": "Trump",
    "Drill Baby Drill": "Trump",
    "Dry Eye Syndrome": "Tomas",
    "Dubs in 7": "Dub",
    "Ducks": "Sue",
    "Duncan Robinson": "Robinson",
    "Durk": "Du",
    "Dwight McNeil": "M",
    "Dylan Cease": "Dylan",
    "Dylan Lee": "Dylan",
    "Ederson": "Ed",
    "Eichel": "E",
    "Elbow": "B",
    "Ethics": "Cooper",
    "Etihad": "Phillips",
    "Ewers": "E",
    "Fantilli": "Fan",
    "Feinstein": "Fe",
    "Femboy Hooters": "Sky",
    "Final Cut Pro": "Da",
    "Finn": "Don",
    "Flagrant 1": "W",
    "Flaherty": "F",
    "Flyers": "Jones",
    "Fort Hood": "U",
    "Francisco Alvarez": "Francisco",
    "Freddie Freeman": "Freeman",
    "GOTY": "Joseph",
    "GPII": "Dr",
    "Game 5": "Tai",
    "Game 6": "Game",
    "Game Freak": "La",
    "Game Informer": "Z",
    "Game of the Year": "Arnold",
    "Gary Bettman": "Gary",
    "Gary Payton": "Gary",
    "Gene Wilder": "Wilder",
    "George Kirby": "George",
    "George Santos": "George",
    "Georgie": "Kate",
    "Get Poole": "Poole",
    "Giorno": "Anthony",
    "Glass": "Stephen",
    "Glenn": "Glenn",
    "Goku": "Go",
    "Goth IHOP": "Brian",
    "Greenberg": "Kyle",
    "Grimes": "Luke",
    "Guam": "Johnson",
    "Gudas": "G",
    "Guillorme": "V",
    "HB 2744": "Sam",
    "Halle": "DD",
    "Harrison Bader": "Harrison",
    "Hasbulla": "C",
    "Heat in 6": "Scott",
    "Heated": "Hard",
    "Helmut Lang": "Helmut",
    "Henry Davis": "Henry",
    "Herb Jones": "Herb",
    "Hintz": "Hi",
    "Honey Balenciaga": "Honey",
    "Hope AD": "Carla",
    "Hopefully AD": "Tristan",
    "House of Black": "Frank",
    "House of Representatives": "B",
    "Hozier": "Ho",
    "Huggins": "Hu",
    "Hulu": "S",
    "Hulu and Disney": "Bob",
    "Hunter Greene": "Greene",
    "I AM A SURGEON": "St",
    "ISPR": "Lana",
    "Imagine Dragons": "Ko",
    "Impeach": "B",
    "Infowars": "Manson",
    "Iowa State": "C",
    "JD Vance": "Vance",
    "JP Sears": "Sears",
    "Jackie Zeman": "Jackie",
    "Jacksonville": "Ty",
    "Jaden McDaniels": "Jade",
    "Jaime Foxx": "Jaime",
    "Jake Irvin": "I",
    "Jalen Brunson": "B",
    "Janelle Monae": "Jane",
    "Jared": "Jared",
    "Jared Goff": "Go",
    "Jarritos": "C",
    "Jeff Jarrett": "Jeff",
    "Jenna Ortega": "Jenna",
    "Joe Milton": "Milton",
    "John Brown": "Mu",
    "Joran van der Sloot": "Jo",
    "Jordan Love": "Jordan",
    "Josh Hart": "Josh",
    "Juelz": "La",
    "Julia Hart": "Julia",
    "Justin Verlander": "Justin",
    "KD and Book": "Book",
    "KIM NAMJOON": "Kim",
    "Kane": "Kane",
    "Kareem Jackson": "Ka",
    "Katie": "Katie",
    "Kenley": "Ken",
    "Kim K": "Jo",
    "Kimberly Guilfoyle": "G",
    "Klutch": "Wes",
    "Kodak": "Ko",
    "Kodansha": "O",
    "Kroos": "K",
    "Krypto": "Ha",
    "Kulture": "Card",
    "Kuminga": "Ku",
    "Kyla": "K",
    "Kyle Fletcher": "Fletcher",
    "LLCs": "B",
    "Lambeau": "Pat",
    "Lance Lynn": "Lynn",
    "Landy": "Land",
    "Latinos": "Q",
    "Lauri": "Lau",
    "LeBron and AD": "Le",
    "Lincoln Project": "Trump",
    "Lindros": "Lin",
    "Lindsey": "Lindsey",
    "Lindy": "Lin",
    "Lions": "Tan",
    "Live by the 3": "Holy",
    "Liz Cheney": "Liz",
    "Logan Gilbert": "Logan",
    "London": "B",
    "Lowering": "Kamal",
    "Lowry": "Low",
    "Lucid": "Ke",
    "Luka": "Lu",
    "MTV News": "Steven",
    "Madrigal": "Helen",
    "Malta": "Rachel",
    "Manchester": "Kim",
    "Mancuso": "Ye",
    "Mark Briscoe": "B",
    "Marla": "Mar",
    "Marner": "Mar",
    "Mauricio": "Ma",
    "Max Scherzer": "Max",
    "Mazzulla": "Ma",
    "McCarthy": "McCarthy",
    "Meg 2": "Louis",
    "Melania": "Mel",
    "Messias": "Me",
    "Michael Porter Jr.": "Michael",
    "Miguel Vargas": "Vargas",
    "Milady": "Mi",
    "Minter": "p",
    "Miro": "Mir",
    "Mitch": "Mitch",
    "Mitchell Robinson": "Mitchell",
    "Modric": "Mo",
    "Molotov": "W",
    "Montero": "Nicole",
    "Monty Williams": "Monty",
    "Moody": "Sony",
    "Morel": "More",
    "Morgan Wallen": "Morgan",
    "Morning Joe": "Joe",
    "Mortal Kombat": "Sc",
    "Mortal Kombat 1": "G",
    "Moxley": "Mo",
    "Mr. Beast": "Beast",
    "Mr. President": "ka",
    "Mugler": "Mu",
    "Mythra": "My",
    "NICKI IS COMING": "Nick",
    "Nakamura": "Nakamura",
    "Nasty Woman": "Trump",
    "Natalee Holloway": "Natal",
    "Natalya": "R",
    "Nate Diaz": "Nate",
    "Naughty Girl": "Diana",
    "Nazism": "Jo",
    "Nestor": "De",
    "New Hampshire": "Trump",
    "Nick Cannon": "Nick",
    "Night of Champions": "Owens",
    "Now AD": "Ma",
    "Ohioans": "Richard",
    "Okogie": "Ok",
    "Oppenheimer": "Op",
    "Oswaldo": "Oswald",
    "PETA": "Ke",
    "Pakistan": "I",
    "Paul DeJong": "De",
    "Paul Pierce": "Pierce",
    "Pauly D": "Bo",
    "Philly in 6": "Doc",
    "Pickles": "Z",
    "Planet Her": "Jessica",
    "Pluto": "Charles",
    "Portia": "T",
    "President Donald Trump": "Trump",
    "Pritchard": "MA",
    "Purge": "Gus",
    "Pyra": "P",
    "Queens of the Stone Age": "Craig",
    "RIP Bernie": "Bernie",
    "RIP Jackie": "Jackie",
    "ROG Ally": "Z",
    "Ranch": "Kenneth",
    "Rasmussen": "Ra",
    "Ratings": "B",
    "Red Cross": "C",
    "Red Wings": "Pete",
    "Reggie Miller": "Reggie",
    "Retire": "Martin",
    "Rich Hill": "Rich",
    "Rick Wilson": "Rick",
    "Ridiculousness": "Ray",
    "Rob Williams": "Rob",
    "Robert De Niro": "Robert",
    "Robert Moses": "Robert",
    "Robo": "SA",
    "Rodney King": "Rodney",
    "Rodri": "Rod",
    "Roger": "Jason",
    "Rollins": "Rollins",
    "Romney": "Romney",
    "Ron Johnson": "Ron",
    "SLOOS": "Bear",
    "STAY READY": "Eugene",
    "San Andreas": "V",
    "Sean Connery": "Sean",
    "Sean Dyche": "Sean",
    "Sean Payton": "Sean",
    "Season 17": "Cy",
    "Seer": "Dean",
    "Seth": "Seth",
    "Sexual Assault": "Trump",
    "Sexual Predator": "Trump",
    "Shai": "Mi",
    "Shaq and Chuck": "Chuck",
    "Sharpe": "Mike",
    "Shingles": "John",
    "Shinsuke": "Shin",
    "Shireen Abu Akleh": "Shire",
    "Sixers in 6": "Jays",
    "Smite": "Fred",
    "Soler": "Sol",
    "Soulja": "Soul",
    "Stan Van Gundy": "Stan",
    "Starfire": "Ko",
    "Stephen King": "Stephen",
    "Steve Kerr": "Kerr",
    "Steve Nash": "Nash",
    "Stompees": "Ah",
    "Storm Shadow": "Storm",
    "Stormy": "Storm",
    "Street Clothes": "Anthony",
    "Stroke": "God",
    "Strom Thurmond": "T",
    "Student Loans": "B",
    "TD Garden": "Jay",
    "TJ Warren": "T",
    "Taggert": "Spencer",
    "Tears of the Kingdom": "Mick",
    "Ted Turner": "Turner",
    "Term": "Joe",
    "Terrence Ross": "Ross",
    "Texas House": "Christopher",
    "Texas Tactical Border Force": "Abbott",
    "Thanks CNN": "Trump",
    "The GOAT": "Lewis",
    "The Good Doctor": "Dom",
    "The Knicks": "Scott",
    "The Little Mermaid": "Halle",
    "The Weather Channel": "Ryan",
    "The Weeknd": "The",
    "Thibs": "O",
    "Thirsty Thursday": "Den",
    "Thunder Rosa": "Thunder",
    "Thursday Night Football": "Bryn",
    "Tika": "G",
    "Tim Pool": "Tim",
    "Tom Murphy": "K",
    "Tombstone": "Robert",
    "Tomori": "Tom",
    "Tony Buckets": "Tony",
    "Tony Khan": "Tony",
    "Top Secret": "Trump",
    "Tory": "Tory",
    "Tory Lanez": "Tory",
    "Trea Turner": "T",
    "Tribel": "Tucker",
    "Trick Daddy": "Trick",
    "Trish": "B",
    "Trump and CNN": "Trump",
    "Trump's CNN": "Trump",
    "Tucker and Elon": "Tucker",
    "UofL": "Anna",
    "Up 3-1": "B",
    "Use VPN": "Hare",
    "Verlander": "V",
    "Victoria Monet": "Victoria",
    "Vientos": "V",
    "Vindman": "Vin",
    "Virgo's Groove": "Bey",
    "Vitek": "V",
    "Wardell": "Ward",
    "Warriors in 7": "Peter",
    "Weather Channel": "Brad",
    "WhatsApp": "Marcus",
    "Willson": "Stephen",
    "Witch Hunt": "B",
    "Ya Allah": "Allah",
    "Yan Gomes": "Yan",
    "Yeen": "God",
    "Zacian": "Z",
    "corey": "Corey",
    "game 6": "Le",
    "hanbin": "De",
    "jack antonoff": "Matt",
    "lorde": "Sasha",
    "luke hemmings": "Luke",
    "ted turner": "Turner"
}